{"total_features":853,"redundant_features":460,"selected_features":310,"top_10_features":["2s10s Spread_zscore_10d","is_day_before_holiday","30-Year_vol_5d","2s10s Spread_zscore_5d","10s30s Spread_zscore_5d","2s5s Spread_zscore_5d","2s10s Spread_pct_change_1d","3m10y Spread_vol_10d","5s30s Spread_pct_change_1d","6-Month_zscore_10d"],"top_10_importance":[0.0022609419,0.0022513361,0.0021515919,0.0021421032,0.0020940261,0.0020924163,0.0020593757,0.0020381316,0.0020201387,0.0020191812]}