{"total_features":1123,"redundant_features":504,"selected_features":271,"top_10_features":["5s30s Spread_zscore_5d","6-Month_zscore_5d","10s30s Spread_zscore_5d","is_day_before_holiday","2s5s Spread_pct_change_1d","5-Year_vol_5d","2s10s Spread_zscore_5d","30-Year_zscore_5d","5s30s Spread_zscore_10d","3m10y Spread_pct_change_1d"],"top_10_importance":[0.0020080753,0.0020053356,0.0019974484,0.0019666371,0.001949543,0.0019400172,0.0019200919,0.0019191411,0.0018881864,0.0018838701]}