{"total_features":166,"redundant_features":64,"selected_features":87,"top_10_features":["2-Year_zscore_5d","2-Year_vol_10d","2-Year_zscore_10d","2-Year_pct_change_1d","2-Year_rsi_14d","day_of_week","2-Year_pct_change_5d","2-Year_vol_5d","day_of_month","2-Year_dist_ma_10d"],"top_10_importance":[0.0172157113,0.0159919619,0.0159599775,0.0150488678,0.0149169122,0.0148118228,0.0146584161,0.0146292745,0.0144031657,0.0142239124]}