{"total_features":1123,"redundant_features":504,"selected_features":266,"top_10_features":["day_of_week","3m10y Spread_zscore_5d","3m10y Spread_pct_change_5d","day_of_month","2s5s Spread_zscore_5d","30-Year_pct_change_1d","3-Month_dist_ma_5d","3m10y Spread_pct_change_1d","10s30s Spread_zscore_10d","20-Year_zscore_5d"],"top_10_importance":[0.0029776944,0.002600053,0.0025760238,0.0025636793,0.0025245282,0.0024367079,0.0024347329,0.0024147127,0.0022717291,0.0022608164]}