{"total_features":853,"redundant_features":460,"selected_features":298,"top_10_features":["is_day_before_holiday","2s10s Spread_pct_change_1d","day_of_month","10s30s Spread_dist_ma_21d","10s30s Spread_vol_10d","10s30s Spread_pct_change_5d","3m10y Spread_vol_5d","10s30s Spread_vol_21d","2-Year_zscore_5d","10-Year_vol_10d"],"top_10_importance":[0.0034224965,0.0027232905,0.002442306,0.0024343582,0.0023715872,0.002368118,0.0023376455,0.0023364418,0.002253262,0.0022483121]}