{"total_features":1123,"redundant_features":504,"selected_features":266,"top_10_features":["is_day_before_holiday","10s30s Spread_vol_10d","20-Year_zscore_5d","3m10y Spread_pct_change_1d","day_of_month","6-Month_zscore_10d","3m10y Spread_zscore_5d","3m10y Spread_vol_5d","20-Year_vol_10d","2s10s Spread_zscore_5d"],"top_10_importance":[0.0037009221,0.0025988751,0.0025848874,0.0024113981,0.0023996221,0.0022828428,0.0022537107,0.0022456572,0.002239336,0.002213571]}