{"total_features":1123,"redundant_features":504,"selected_features":262,"top_10_features":["is_day_before_holiday","2s5s Spread_zscore_5d","2-Year_zscore_10d","2s10s Spread_zscore_5d","2s10s Spread_zscore_10d","2s5s Spread_dist_ma_10d","2s5s Spread_zscore_10d","2s5s Spread_pct_change_1d","2s5s Spread_zscore_21d","2s10s Spread_dist_ma_5d"],"top_10_importance":[0.0031591547,0.002926929,0.0027890949,0.0027416405,0.0026007457,0.0024690391,0.0024481625,0.0023524034,0.0023312468,0.0022726816]}