{"total_features":853,"redundant_features":460,"selected_features":296,"top_10_features":["2s5s Spread_zscore_10d","2s5s Spread_zscore_21d","2s5s Spread_zscore_5d","is_day_before_holiday","2s10s Spread_zscore_10d","2s10s Spread_zscore_5d","3-Month_zscore_5d","5s30s Spread_zscore_5d","7-Year_zscore_5d","30-Year_vol_21d"],"top_10_importance":[0.0033968134,0.0031416061,0.0030541007,0.0028764308,0.0028630406,0.0026292452,0.0025503974,0.0023568393,0.0023336566,0.0023089451]}