{"total_features":1123,"redundant_features":504,"selected_features":286,"top_10_features":["3-Month_zscore_5d","2s10s Spread_zscore_5d","5s30s Spread_zscore_5d","5s30s Spread_vol_5d","3-Year_pct_change_1d","2s10s Spread_pct_change_1d","6-Month_zscore_10d","7-Year_ma_10d","5s30s Spread_pct_change_1d","10s30s Spread_vol_10d"],"top_10_importance":[0.0020758198,0.002023345,0.0020063518,0.0019855664,0.0019707749,0.0019195612,0.0019055256,0.0018873627,0.0018707387,0.0018477028]}