{"total_features":166,"redundant_features":64,"selected_features":87,"top_10_features":["2-Year_vol_5d","2-Year_zscore_5d","2-Year_vol_10d","2-Year_zscore_10d","2-Year_pct_change_5d","day_of_month","2-Year_pct_change_1d","2-Year_zscore_21d","2-Year_vol_21d","yield_pc1_level"],"top_10_importance":[0.0151138188,0.015032486,0.014832771,0.0146443936,0.0143514207,0.0142872646,0.0142525133,0.0141103232,0.0139378307,0.0138810609]}