{"total_features":853,"redundant_features":460,"selected_features":284,"top_10_features":["2-Year_pct_change_1d","2s10s Spread_zscore_5d","5s30s Spread_zscore_21d","2s10s Spread_dist_ma_10d","5s30s Spread_pct_change_5d","2s10s Spread_change_5d","2s10s Spread_vol_10d","2s10s Spread_pct_change_1d","2s10s Spread_momentum_5d","3-Month_zscore_10d"],"top_10_importance":[0.0029738814,0.0026990915,0.0026957524,0.0026494075,0.0025367192,0.0025181475,0.0024655973,0.0024439524,0.0024323094,0.0023987212]}