{"total_features":1123,"redundant_features":504,"selected_features":258,"top_10_features":["2s10s Spread_zscore_5d","2-Year_pct_change_1d","2s10s Spread_dist_ma_10d","2s10s Spread_pct_change_5d","5s30s Spread_momentum_5d","2s10s Spread_zscore_21d","2s5s Spread_zscore_21d","10s30s Spread_pct_change_1d","2-Year_zscore_5d","2s10s Spread_dist_ma_5d"],"top_10_importance":[0.0027558113,0.0026119264,0.0025689983,0.0024710371,0.0024075249,0.0024024539,0.002389915,0.0023631613,0.0023095452,0.0023041452]}