{"total_features":1123,"redundant_features":504,"selected_features":269,"top_10_features":["is_day_before_holiday","2s10s Spread_vol_5d","2s10s Spread_zscore_5d","5s30s Spread_zscore_10d","day_of_week","3-Year_pct_change_1d","2s5s Spread_pct_change_1d","30-Year_pct_change_1d","2s5s Spread_zscore_21d","2s10s Spread_dist_ma_10d"],"top_10_importance":[0.0032831001,0.0025992177,0.0023934769,0.0023701773,0.0023690906,0.0023604534,0.0023426473,0.0022965414,0.0022852696,0.0022528499]}