{"total_features":853,"redundant_features":460,"selected_features":301,"top_10_features":["is_day_before_holiday","2s10s Spread_zscore_10d","2s10s Spread_pct_change_1d","day_of_week","10-Year_zscore_5d","2s10s Spread_zscore_5d","2s5s Spread_pct_change_1d","3-Month_zscore_5d","2s10s Spread_rsi_5d","2-Year_pct_change_5d"],"top_10_importance":[0.003788037,0.0027392535,0.002652264,0.0024693403,0.0024617114,0.002426868,0.0024251173,0.0023653747,0.0023035342,0.0022734816]}