{"total_features":853,"redundant_features":460,"selected_features":315,"top_10_features":["5-Year_vol_5d","is_day_before_holiday","30-Year_vol_5d","5s30s Spread_zscore_5d","7-Year_vol_5d","3-Month_zscore_10d","10-Year_vol_10d","3m10y Spread_pct_change_1d","2s10s Spread_vol_10d","2-Year_zscore_5d"],"top_10_importance":[0.0022288695,0.0021678777,0.00216619,0.0021082515,0.0021028187,0.0020958588,0.0020703822,0.0020224251,0.0020129311,0.0020103269]}