{"total_features":1123,"redundant_features":504,"selected_features":287,"top_10_features":["5-Year_vol_5d","is_day_before_holiday","20-Year_zscore_5d","2s10s Spread_vol_5d","2s10s Spread_zscore_5d","30-Year_vol_5d","20-Year_pct_change_1d","30-Year_pct_change_1d","10-Year_vol_5d","5s30s Spread_zscore_5d"],"top_10_importance":[0.0020910003,0.0020255841,0.0019968144,0.0019651871,0.0019613382,0.0019383969,0.0019367173,0.0019166978,0.0018962743,0.0018872839]}