{"total_features":1123,"redundant_features":504,"selected_features":250,"top_10_features":["2s5s Spread_zscore_5d","2-Year_zscore_5d","2s5s Spread_zscore_21d","2s5s Spread_zscore_10d","2-Year_pct_change_1d","20-Year_zscore_5d","2s5s Spread_dist_ma_5d","2s5s Spread_dist_ma_10d","2s10s Spread_rsi_10d","2-Year_zscore_10d"],"top_10_importance":[0.0031483871,0.0030360422,0.0030084233,0.0029234201,0.0027482628,0.002404779,0.0023944741,0.0022861224,0.0022287372,0.0022279452]}