{"total_features":853,"redundant_features":460,"selected_features":284,"top_10_features":["2s5s Spread_zscore_10d","2s5s Spread_zscore_5d","2s10s Spread_zscore_5d","2s5s Spread_dist_ma_10d","2-Year_pct_change_1d","2s5s Spread_zscore_21d","2s5s Spread_pct_change_1d","10-Year_zscore_5d","5-Year_zscore_5d","2-Year_zscore_10d"],"top_10_importance":[0.0034431748,0.0032361878,0.0032229625,0.0030546004,0.0029140669,0.0028612067,0.0028285031,0.0024786194,0.0024682241,0.0024290332]}