{"total_features":853,"redundant_features":460,"selected_features":299,"top_10_features":["5s30s Spread_vol_21d","day_of_month","2s10s Spread_pct_change_1d","3m10y Spread_zscore_5d","5s30s Spread_zscore_5d","20-Year_zscore_5d","10s30s Spread_zscore_10d","10s30s Spread_pct_change_5d","6-Month_zscore_10d","2s10s Spread_zscore_5d"],"top_10_importance":[0.002787687,0.0027444782,0.0026729563,0.0025360359,0.0023972953,0.0023670599,0.0023338252,0.0023205705,0.0023174564,0.0022963515]}