{"total_features":1123,"redundant_features":504,"selected_features":264,"top_10_features":["5s30s Spread_pct_change_5d","day_of_month","10-Year_zscore_5d","20-Year_zscore_5d","10s30s Spread_pct_change_5d","2s5s Spread_pct_change_1d","10s30s Spread_zscore_10d","6-Month_pct_change_1d","10s30s Spread_zscore_21d","7-Year_pct_change_1d"],"top_10_importance":[0.0025386706,0.0025280068,0.0024267206,0.0023283279,0.0023155446,0.00231103,0.002307978,0.0023065429,0.0022912991,0.0022699059]}