{"total_features":166,"redundant_features":64,"selected_features":88,"top_10_features":["2-Year_zscore_5d","2-Year_zscore_10d","day_of_month","2-Year_vol_10d","2-Year_vol_5d","2-Year_pct_change_10d","2-Year_pct_change_5d","yield_pc1_level","2-Year_zscore_21d","2-Year_vol_21d"],"top_10_importance":[0.0145262683,0.0144935308,0.0142493598,0.0141192724,0.0136877687,0.0136302927,0.0135111008,0.0134725381,0.0134104575,0.0132578777]}