{"total_features":1123,"redundant_features":504,"selected_features":290,"top_10_features":["is_day_before_holiday","2s10s Spread_zscore_5d","5s30s Spread_zscore_5d","5-Year_vol_10d","3-Month_zscore_10d","5-Year_zscore_5d","5s30s Spread_pct_change_1d","5s30s Spread_zscore_10d","30-Year_vol_5d","10s30s Spread_zscore_5d"],"top_10_importance":[0.0030742353,0.0020801494,0.0019915152,0.0019602765,0.0019453558,0.0018963107,0.0018912123,0.0018641071,0.0018568666,0.0018509103]}