{"total_features":1123,"redundant_features":504,"selected_features":270,"top_10_features":["10s30s Spread_zscore_21d","5s30s Spread_zscore_5d","30-Year_zscore_5d","5s30s Spread_vol_21d","10s30s Spread_zscore_10d","10s30s Spread_dist_ma_5d","2s10s Spread_zscore_5d","day_of_week","7-Year_pct_change_1d","1-Year_zscore_5d"],"top_10_importance":[0.0023783779,0.0023698664,0.0023626618,0.0023592365,0.0022943032,0.0022864112,0.0022464949,0.0022396684,0.0022213032,0.002209374]}