{"total_features":1123,"redundant_features":504,"selected_features":271,"top_10_features":["is_day_before_holiday","day_of_week","3-Month_zscore_10d","20-Year_zscore_5d","3m10y Spread_pct_change_10d","3m10y Spread_zscore_10d","3m10y Spread_pct_change_5d","10-Year_pct_change_10d","10s30s Spread_zscore_5d","3-Year_pct_change_1d"],"top_10_importance":[0.0060282964,0.0027656784,0.002373681,0.002367728,0.0023155064,0.0022917516,0.0022639872,0.0021922008,0.0021491385,0.0021325905]}