{"total_features":166,"redundant_features":64,"selected_features":21,"top_10_features":["2-Year_ma_1d","yield_pc1_level","yield_pc2_slope","2s10s_carry","10s30s_level","2s10s_level","week_of_year","2-Year_ma_5d","5s30s_level","2s5s_carry"],"top_10_importance":[0.0973399281,0.0968130136,0.0955503372,0.0746820455,0.0739567859,0.0570881179,0.0508459368,0.0439117872,0.0438783756,0.039456119]}