{"total_features":1123,"redundant_features":504,"selected_features":262,"top_10_features":["1-Year_zscore_10d","10s30s Spread_dist_ma_21d","10s30s Spread_zscore_21d","10s30s Spread_zscore_10d","2s10s Spread_zscore_5d","5-Year_pct_change_1d","1-Year_zscore_5d","10-Year_zscore_5d","2s10s Spread_pct_change_1d","7-Year_zscore_5d"],"top_10_importance":[0.0026890026,0.0024969449,0.0024305187,0.0023979329,0.0023890117,0.0023440297,0.0022880592,0.0022868485,0.0022719317,0.0022388733]}