{"total_features":166,"redundant_features":64,"selected_features":87,"top_10_features":["2-Year_zscore_5d","2-Year_zscore_10d","2-Year_pct_change_1d","2-Year_zscore_21d","2-Year_vol_10d","2-Year_dist_ma_10d","day_of_month","2-Year_vol_5d","2-Year_rsi_14d","2-Year_pct_change_5d"],"top_10_importance":[0.0164951406,0.0159786255,0.0158709448,0.0156959289,0.0153269942,0.0149736327,0.0149157498,0.0148966826,0.0147189454,0.0143649179]}