{"total_features":1123,"redundant_features":504,"selected_features":271,"top_10_features":["10s30s Spread_zscore_5d","3-Year_zscore_5d","5s30s Spread_pct_change_1d","5s30s Spread_zscore_5d","day_of_month","3-Month_zscore_5d","2s5s Spread_zscore_10d","5-Year_pct_change_1d","5s30s Spread_vol_5d","30-Year_pct_change_1d"],"top_10_importance":[0.0020165271,0.0019913004,0.0019910834,0.0019820489,0.001954063,0.0019537337,0.0019022251,0.0018729642,0.0018691963,0.001829777]}