{"total_features":853,"redundant_features":460,"selected_features":315,"top_10_features":["5s30s Spread_zscore_5d","3-Month_zscore_5d","2s10s Spread_pct_change_1d","2s5s Spread_pct_change_1d","2s10s Spread_zscore_5d","30-Year_zscore_5d","7-Year_vol_5d","2s10s Spread_zscore_10d","10-Year_vol_5d","2s10s Spread_vol_5d"],"top_10_importance":[0.0023087633,0.0022649424,0.0022000177,0.0021597108,0.0020340343,0.0020108285,0.0019715553,0.0019619383,0.001952294,0.0019347649]}